"Боклук",
"боклуци",
"тъп",
"тъпи",
"тъпаци",
"тъпак",
"тъпанар",
"тъпанари",
"тапанари",
"тапанар",
"тъпанарско",
"тъпанарски",
"тапанарско",
"тапанарски",
"ковра",
"зле",
"злета",
"зленца",
"дейба",
"шейба",
"гъз",
"задник",
"задници",
"копеле",
"копелета",
"кучи син",
"клитор",
"клитур",
"пишка",
"пикльо",
"пиклю",
"пикла",
"ебач",
"ебачи",
"ебане",
"еба се",
"иби съ",
"ибъ",
"иби",
"ибем",
"ебете се",
"да се ебеш",
"да ти еба",
"еби си",
"ебете си",
"ще ви еба",
"ше ви еба",
"ще ви еба",
"ше ви еба",
"ти да еба",
"ви да еба",
"да си ебе",
"ша ва еба",
"еба",
"си е ебало",
"ебал",
"ебала",
"ебано",
"ебан",
"ебана",
"еби",
"ебали",
"ебала",
"ебал",
"преебана",
"преебавам",
"преебан",
"ебаси",
"ебати",
"баси",
"е*а",
"е*ано",
"е*ан",
"наебан",
"наебана",
"наебано",
"заебан",
"заебана",
"заебавам",
"заебано",
"лизане",
"лъскане",
"еби се",
"ерекция",
"еакулирам",
"еякулирам",
"еякулация",
"мастурбирам",
"мастурбация",
"сперма",
"мирене",
"шпакла",
"педал",
"пендел",
"педераст",
"педерастия",
"педерас",
"педерастки",
"педераски",
"лесбийка",
"лесбийки",
"лесбийство",
"лесбо",
"секс",
"гей секс",
"гей",
"гейове",
"порно",
"детска порнография",
"порнографски",
"порнографска",
"порнографско",
"дупе",
"гъз",
"задник",
"пръдла",
"пърдене",
"пръдня",
"пръдльо",
"негър",
"сране",
"сера",
"да сереш",
"сере",
"говно",
"говнар",
"гувно",
"гувнар",
"путка",
"потка",
"курва",
"ковра",
"курвар",
"анал",
"анален",
"анална",
"анално",
"травестит",
"джендър",
"транс джендър",
"порногрaфия",
"малтретиране",
"скапан",
"скапана",
"скапани",
"брутален",
"адски",
"покварен",
"покварени",
"луд",
"луди",
"идиот",
"идиоти",
"убий се",
"убийство",
"пушене",
"умрял",
"умряла",
"мъртва",
"цигари",
"цигара",
"мъртъв",
"дрога",
"наркотици",
"марихуана",
"кокаин",
"хероин",
"трева",
"напушен",
"нашушена",
"коз",
"накозен",
"накозена",
"накозено",
"смърт",
"транссексуален",
"транссексуална",
"бисексуален",
"бисексуална",
"напомпан",
"напомпана",
"евреи",
"евреин",
"циганин",
"цигани",
"проклет",
"повръщано",
"повръщам",
"повращам",
"проклети",
"крада",
"любовник",
"любовница",
"умри",
"пистолет",
"пушка",
"по дяволите",
"дявол",
"вампир",
"безбожник",
"глупак",
"глупаци",
"глопак",
"глопаци",
"малоумник",
"малоумници",
"малоумни",
"малоумна",
"малоумно",
"малоумен",
"нещастни",
"нещастници",
"нещастна",
"нещастница",
"нещастник",
"калъф",
"келеш",
"келеши",
"кретен",
"кретени",
"курви",
"кретенка",
"екскремент",
"фекалия",
"фекалии",
"лайно",
"говно",
"хомосексуален",
"пикоч",
"хомосексуалист",
"содомия",
"анус",
"федърка",
"говнар",
"говнян",
"лайнар",
"мангал",
"мангали",
"кур",
"кор",
"хой",
"курове",
"хуй",
"пенис",
"яж ми хуя",
"кура",
"лайната",
"хуйове",
"уй",
"швестер",
"чеп",
"чукам",
"чукане",
"шибам",
"шибай се",
"шибай",
"шибан",
"шибана",
"шибани",
"шибано",
"шибаняк",
"шибаняци",
"парцал",
"пачавра",
"пачаври",
"ануси",
"кучка",
"кучки",
"гъз",
"гъзове",
"задници",
"пи4ка",
"пи4ки",
"шунда",
"дилдо",
"вибратор",
"пидал",
"пидали",
"педал",
"педали",
"педалски",
"фелацио",
"кунилингус",
"чекия",
"чикия",
"пиче",
"путкa",
"чекии",
"чикии",
"чекий",
"чикий",
"лайнян",
"свирка",
"свирки",
"зверски",
"пръдлив",
"оргия",
"оргии",
"похотлив",
"насран",
"посран",
"осран",
"оргазъм",
"оргазми",
"пичка",
"пички",
"капут",
"презерватив",
"кондом",
"надуваема кукла",
"пи4е",
"псувам",
"пцовам",
"златен душ",
"садо-мазо",
"садомазо",
"садист",
"мазохист",
"камшик",
"белезници",
"секс-играчки",
"секс играчки",
"анални топчета",
"вагина",
"вулва",
"шунди",
"вагини",
"вагинален",
"вагинална",
"вагинално",
"вагинални",
"бабалюга",
"путе",
"подка",
"гейтак",
"ром",
"роми",
"черва",
"недъгав",
"мензиc",
"дупе",
"гаргамел",
"слива",
"проcтитyция",
"проститутка",
"компаньонка",
"cера",
"фекалира",
"хемероиди",
"разпори",
"гранясал",
"копеленце",
"сиренясал",
"недоебан",
"чикибоец",
"кривопишков",
"манаф",
"чоребе",
"пъшкам",
"мамка ти",
"мамка ви",
"мамка му",
"прасе",
"мафетамин",
"амфети",
"мет",
"мескалин",
"лсд",
"метадон",
"екстази",
"екстаси",
"пyтkа",
"лекарство",
"бомба",
"взрив",
"kur",
"kyr",
"kup",
"kyp",
"cur",
"cyp",
"кур",
"кир",
"кор",
"коп",
"kип",
"kиp",
"kyr",
"putka",
"potka",
"pytka",
"риtka",
"рytка",
"ритка",
"рytka",
"рyтkа",
"pоtкa",
"hуi",
"hоi",
"xоu",
"xyй",
"xoй",
"xуi",
"пишка",
"гръмвам",
"гръмна",
"експлозив",
"експлозия",
"терор",
"дупара",
"допара",
"терорист",
"мадо",
"мъдо",
"мъде",
"мъдя",
"недоклатен",
"недоклатени",
"недоклатена",
"Ментел",
"	
Да не съм повече клиент на А1",
"Да не съм клиент на А1",
"Да не съм повече абонат на А1",
"Да не съм абонат на А1",
"Да не съм повече роб на А1",
"Да не съм роб на А1",
"Да не съм повече клиент на Мтел",
"Да не съм клиент на Мтел",
"Да не съм повече абонат на Мтел",
"Да не съм абонат на Мтел",
"Да не съм повече роб на Мтел",
"Да не съм роб на Мтел",
"Да не съм повече клиент на Mtel",
"Да не съм клиент на Mtel",
"Да не съм повече абонат на Mtel",
"Да не съм абонат на Mtel",
"Да не съм повече роб на Mtel",
"Да не съм роб на Mtel",
"Да не съм повече клиент на М-тел",
"Да не съм клиент на М-тел",
"Да не съм повече абонат на М-тел",
"Да не съм абонат на М-тел",
"Да не съм повече роб на М-тел",
"Да не съм роб на М-тел",
"Да не съм повече клиент на M-Tel",
"Да не съм клиент на M-Tel",
"Да не съм повече абонат на M-Tel",
"Да не съм абонат на M-Tel",
"Да не съм повече роб на M-tel",
"Да не съм роб на M-tel",
"Да не съм повече клиент на Мобилтел",
"Да не съм клиент на Мобилтел",
"Да не съм повече абонат на Мобилтел",
"Да не съм абонат на Мобилтел",
"Да не съм повече роб на Мобилтел",
"Да не съм роб на Мобилтел",
"Да не съм повече клиент на Mobiltel",
"Да не съм клиент на Mobiltel",
"Да не съм повече абонат на Mobiltel",
"Да не съм абонат на Mobiltel",
"Да не съм повече роб на Mobiltel",
"Да не съм роб на Mobiltel",
"Да не съм повече клиент на Близу",
"Да не съм клиент на Близу",
"Да не съм повече абонат на Близу",
"Да не съм абонат на Близу",
"Да не съм повече роб на Близу",
"Да не съм роб на Близу",
"Да не съм повече клиент на blizoo",
"Да не съм клиент на blizoo",
"Да не съм повече абонат на blizoo",
"Да не съм абонат на blizoo",
"Да не съм повече роб на blizoo",
"Да не съм роб на blizoo",
"Да не съм повече клиент на blizo",
"Да не съм клиент на blizo",
"Да не съм повече абонат на blizo",
"Да не съм абонат на blizo",
"Да не съм повече роб на blizo",
"Да не съм роб на blizo",
"Да не съм повече клиент на blizu",
"Да не съм клиент на blizu",
"Да не съм повече абонат на blizu",
"Да не съм абонат на blizu",
"Да не съм повече роб на blizu",
"Да не съм роб на blizu",
"Да не ползвам вече услуги на А1",
"Да не ползвам услуги на А1",
"Да не ползвам А1",
"Да не ползвам вече услуги на Мтел",
"Да не ползвам услуги на Мтел",
"Да не ползвам Мтел",
"Да не ползвам вече услуги на Mtel",
"Да не ползвам услуги на Mtel",
"Да не ползвам Mtel",
"Да не ползвам вече услуги на М-тел",
"Да не ползвам услуги на М-тел",
"Да не ползвам М-тел",
"Да не ползвам вече услуги на M-tel",
"Да не ползвам услуги на M-tel",
"Да не ползвам M-tel",
"Да не ползвам вече услуги на Мобител",
"Да не ползвам услуги на Мобилтел",
"Да не ползвам Мобилтел",
"Да не ползвам вече услуги на Mobiltel",
"Да не ползвам услуги на Mobiltel",
"Да не ползвам Mobiltel",
"Да не ползвам вече услуги на Близу",
"Да не ползвам услуги на Близу",
"Да не ползвам Близу",
"Да не ползвам вече услуги на blizoo",
"Да не ползвам услуги на blizoo",
"Да не ползвам blizoo",
"Да не ползвам вече услуги на blizo",
"Да не ползвам услуги на blizo",
"Да не ползвам blizo",
"Да не ползвам вече услуги на blizu",
"Да не ползвам услуги на blizu",
"Да не ползвам blizu",
"Да съм клиент на Теленор",
"Да съм абонат на Теленор",
"Да съм на Теленор",
"Да мина на Теленор",
"Да съм клиент на Telenor",
"Да съм абонат на Telenor",
"Да съм на Telenor",
"Да мина на Telenor",
"Да съм клиент на Глобул",
"Да съм абонат на Глобул",
"Да съм на Глобул",
"Да мина на Глобул",
"Да съм клиент на Globul",
"Да съм абонат на Globul",
"Да съм на Globul",
"Да мина на Globul",
"Да съм клиент на Виваком",
"Да съм абонат на Виваком",
"Да съм на Виваком",
"Да мина на Виваком",
"Да съм клиент на Vivacom",
"Да съм абонат на Vivacom",
"Да съм на Vivacom",
"Да мина на Vivacom",
"Да съм клиент на БТК",
"Да съм абонат на БТК",
"Да съм на БТК",
"Да мина на БТК",
"Да съм клиент на BTK",
"Да съм абонат на BTK",
"Да съм на BTK",
"Да мина на BTK",
"Да съм клиент на BTC",
"Да съм абонат на BTC",
"Да съм на BTC",
"Да мина на BTC",
"Да съм клиент на друг",
"Да съм на друг",
"Да съм абонат на друг",
"Да има по-добра мрежа",
"Да не им пада връзката",
"Да не пада връзката",
"Да не им пада мрежата",
"Да не пада мрежата",
"Да им е по-бърза мрежата",
"Да е по-бърза мрежата",
"Да им е по-бърз интернета",
"Да е по-бърз интернета",
"Да им е по-бърз нета",
"Да е по-бърз нета",
"Да им е по-добър интернета",
"Да е по-добър интернета",
"Да им е по-добър нета",
"Да е по-добър нета",
"Bokluk",
"bokluci",
"boklutsi",
"bokluzi",
"tup",
"tupi",
"tupaci",
"tapaci",
"tapanari",
"tapanar",
"tupanarsko",
"kovra",
"kovri",
"kowra",
"kowri",
"tupanarski",
"tapanarsko",
"tapanarski",
"zle",
"zleta",
"zlenca",
"deiba",
"sheiba",
"gaz",
"guz",
"zadnik",
"zadnitsi",
"zadnitzi",
"zadnici",
"zadnic",
"copele",
"kopele",
"kop3l3",
"kopeleta",
"kuci sin",
"kuchi sin",
"ku4i sin",
"klitor",
"pishka",
"pi6ka",
"piska",
"pichka",
"pi4ka",
"pichki",
"pi4ki",
"p1chka",
"p1chki",
"pyshka",
"py6ka",
"pj6ka",
"pjshka",
"pychka",
"py4ka",
"piklio",
"pyklio",
"pikljo",
"piklyo",
"pikla",
"ebach",
"eba4",
"ebachi",
"eba4i",
"ebane",
"4ukane",
"chukane",
"cukane",
"3bane",
"eban3",
"eba",
"3ba",
"3b4",
"eba se",
"da se ebesh",
"ebe6",
"3ba4",
"eba4",
"da ti eba maykata",
"maikata",
"majkata",
"ebi si maykata",
"ebete si maykata",
"ebete si maikata",
"shte vi eba maykata",
"shte vi eba maikata",
"6e",
"she vi eba maykata",
"she vi eba maikata",
"kyrvi",
"kurbi",
"kyrbi",
"shа vi eba maykata",
"shа vi eba",
"mayka ti da eba",
"maika ti da eba",
"mayka vi da eba",
"maika vi da eba",
"da si ebe",
"da si ebe",
"sha va eba",
"sha va eba",
"eba",
"si e ebalo",
"si e ebalo",
"mamka mu",
"vi",
"ti",
"mamka",
"ebal",
"ebala",
"ebano",
"eban",
"ebana",
"preebana",
"preebavam",
"preeban",
"ebasi",
"ebati",
"basi",
"e*a",
"e*ano",
"e*an",
"naeban",
"naebana",
"naebano",
"zaeban",
"zaebana",
"zaebavam",
"zaebano",
"lizane",
"lyskane",
"laskane",
"ebi se",
"eyakuliram",
"eqkuliram",
"eqkulaciq",
"eyakulaciq",
"eqkulatsiq",
"eyakulaciya",
"eyakulatsya",
"eyakulatsia",
"eqkulatsya",
"eyakulatsiya",
"masturbiram",
"masturbatsiya",
"sperma",
"mirene",
"mirenie",
"shpakla",
"6pakla",
"pidal",
"pidali pedal",
"pendel",
"pederast",
"peeras",
"pederastiya",
"pederastiq",
"pederastia",
"pederaschenca",
"pederascheta",
"pederastchenca",
"pederastiiski",
"pederas",
"pederastki",
"pederaski",
"lezbiika",
"lezbiiki",
"lesbiika",
"lesbiiki",
"lesbiyka",
"lesbiyki",
"lesbiystvo",
"sex",
"homo",
"seks",
"gay",
"gay sex",
"gey seks",
"gey",
"geyove",
"porno",
"detska pornografiya",
"pornografiq",
"pornografski",
"pornografska",
"pornografsko",
"prydla",
"prydlio",
"prydlyo",
"pradla",
"pardene",
"pradnya",
"pradlyo",
"seksi",
"sexy",
"negar",
"srane",
"sera",
"da seresh",
"sere6",
"govno",
"govnar",
"guvno",
"guvnar",
"putka",
"potka",
"kurva",
"kovra",
"kurvar",
"anal",
"analen",
"analna",
"analno",
"travestit",
"trans dzhendar",
"trans gender",
"trans jender",
"trans zendyr",
"pornografiya",
"maltretirane",
"skapan",
"skapana",
"skapani",
"brutalen",
"adski",
"zverski",
"pokvaren",
"povrashtai",
"povrushtai",
"povra6tai",
"povru6tai",
"povrashtam",
"povrashtano",
"povra6tam",
"povrushtam",
"povarnya",
"povarnia",
"povur",
"pokvareni",
"lud",
"ludi",
"idiot",
"idioti",
"ubii",
"ubivam",
"iznasilvam",
"ubiy se",
"tsigari",
"tsigara",
"cigara",
"cigari",
"pusha",
"koz",
"treva",
"gybi",
"gubi",
"myrtyv",
"martav",
"droga",
"narkotitsi",
"marihuana",
"kokain",
"smart",
"transseksualen",
"transsexualen",
"transsexualna",
"transseksualna",
"biseksualen",
"bisexualen",
"bisexualna",
"biseksualna",
"napompan",
"napompana",
"evrei",
"evrein",
"tsiganin",
"ciganin",
"ciganche",
"ciganior",
"tsigani",
"proklet",
"prokleti",
"krada",
"lyubovnik",
"lubovnik",
"umri",
"pistolet",
"pushka",
"po dyavolite",
"diavol",
"devil",
"satan",
"dyavol",
"vampir",
"bezbozhnik",
"bezbojnik",
"glupak",
"glupatsi",
"glupaci",
"glopak",
"glopatsi",
"maloumnik",
"maloumnitsi",
"maloumni",
"maloumna",
"maloumno",
"maloumen",
"duda",
"neshtastni",
"ne6tastnik",
"neshtastnitsi",
"neshtastna",
"neshtastnitsa",
"ne6tastnica",
"neshtastnitsi",
"kelesh",
"kele6",
"keleme",
"keleshi",
"kreten",
"kreteni",
"layno",
"laino",
"govnyan",
"laynar",
"Rumantsi",
"rumynci",
"syrbi",
"surbi",
"rumanci",
"Sarbi",
"Balgari",
"Bulgari",
"mangal",
"mangali",
"kur",
"kurove",
"huy",
"penis",
"iaj",
"yaj",
"qj yazh mi huya",
"yazh mi kura",
"yazh mi laynata",
"huyove",
"sodomiya",
"sodomiq",
"Sodom",
"homoseksualen",
"homosexualen",
"homoseksualist",
"homosexualist",
"shvester",
"chep",
"4ep",
"chukam",
"4ukam",
"chukane",
"4ukane",
"na4ukam",
"6ibam",
"shibam",
"6ibay",
"6ibai",
"shibay",
"shibay",
"shiban",
"6ibano",
"shibana",
"shibani",
"6iban",
"6ibam",
"6ibane",
"shibano",
"shibanyak",
"shibaniak",
"shibanyatsi",
"partsal",
"parcal",
"pachavra",
"pa4avra",
"pachavri",
"pa4avri",
"anus",
"anusi",
"gyz",
"kuchka",
"ku4ka",
"kuchki",
"ku4ki",
"gaz",
"guz",
"gazove",
"guzove",
"zadnik",
"zadnitsi",
"6unda",
"pute",
"shunda",
"dildo",
"vibrator",
"pedal",
"pedali",
"pedalski",
"felatsio",
"kunilingus",
"chikia",
"4ikia",
"4ikiq",
"chikiq",
"chikiya",
"4ickya",
"chikya",
"chekidjiq",
"4ekidjia",
"4ekidjia",
"chekidjiya",
"chekiya",
"4ekiya",
"4ikiya",
"chikiya",
"chekii",
"4ekii",
"chikii",
"4ikii",
"laynyan",
"lainqn",
"lainyan",
"svirka",
"svirki",
"zverski",
"zhivotinski",
"pradliv",
"prydliv",
"orgiya",
"orgiq",
"orgia",
"orgy",
"orgii",
"pohotliv",
"nasran",
"posran",
"osran",
"orgazam",
"orgasm",
"orgazmi",
"telefonen seks",
"pichka",
"pichki",
"pi4ka",
"pi4ki",
"pi4e",
"kaput",
"prezervativ",
"kondom",
"naduvaema",
"psuvam",
"ptsovam",
"zlaten dush",
"piche",
"sado-mazo",
"sadomazo",
"sadist",
"s&amp;m",
"mazohist",
"kamshik",
"beleznitsi",
"seks-igrachki",
"seks igrachki",
"analni topcheta",
"top4eta",
"vagina",
"vulva",
"shunda",
"6unda",
"6undi",
"shundi",
"ebа",
"еБа",
"eба",
"eбa",
"ебa",
"eбе",
"eбe",
"vagini",
"vaginalen",
"vaginalna",
"vaginalno",
"vaginalni",
"babalyuga",
"babaliuga",
"podka",
"kor",
"hoy",
"geytak",
"rom",
"romi",
"4erwa",
"4erva",
"cherva",
"nedagav",
"menzic",
"menzis",
"cikyl",
"cikal",
"labia",
"dupe",
"gargamel",
"sliva",
"proctitytsiya",
"prostituciq",
"prostituciya",
"prostitutka",
"kompanyonka",
"eskort",
"fekalira",
"hemeroidi",
"razpori",
"granyasal",
"kopelentse",
"sirenyasal",
"nedoeban",
"4ikiboets",
"4ikiboec",
"chikiboec",
"chikiboets",
"krivopishkov",
"manaf",
"4orebe",
"chorebe",
"fekalii",
"fekalia",
"ekskrementi",
"ekskrement",
"amphetamine",
"ampheti",
"amfetamin",
"amfeti",
"meth",
"metadon",
"methadone",
"meskalin",
"lsd",
"extasy",
"ekstazi",
"lekarstvo",
"bomba",
"vzriv",
"grymvam",
"grymna",
"gramvam",
"gramna",
"eksploziv",
"eksplozia",
"terror",
"teror",
"terrorist",
"terrorist",
"kу",
"кy",
"kо",
"кo",
"kyp",
"dopara",
"dupara",
"Mentel",
"nedoklaten",
"nedoklateni",
"nedoklatena",
"mado",
"mudo.
Da ne sym poveche klient na A1",
"Da ne sym klient na A1",
"Da ne sym poveche abonat na A1",
"Da ne sym abonat na A1",
"Da ne sym poveche rob na A1",
"Da ne sym rob na A1",
"Da ne sum poveche klient na A1",
"Da ne sum klient na A1",
"Da ne sum poveche abonat na A1",
"Da ne sum abonat na A1",
"Da ne sum poveche rob na A1",
"Da ne sum rob na A1",
"Da ne sym poveche klient na Mtel",
"Da ne sym klient na Mtel",
"Da ne sym poveche abonat na Mtel",
"Da ne sym abonat na Mtel",
"Da ne sym poveche rob na Mtel",
"Da ne sym rob na Mtel",
"Da ne sum poveche klient na Mtel",
"Da ne sum klient na Mtel",
"Da ne sum poveche abonat na Mtel",
"Da ne sum abonat na Mtel",
"Da ne sum poveche rob na Mtel",
"Da ne sum rob na Mtel",
"Da ne sym poveche klient na Mtel",
"Da ne sym klient na Mtel",
"Da ne sym poveche abonat na Mtel",
"Da ne sym abonat na Mtel",
"Da ne sym poveche rob na Mtel",
"Da ne sym rob na Mtel",
"Da ne sum poveche klient na Mtel",
"Da ne sum klient na Mtel",
"Da ne sum poveche abonat na Mtel",
"Da ne sum abonat na Mtel",
"Da ne sum poveche rob na Mtel",
"Da ne sum rob na Mtel",
"Da ne sym poveche klient na M-tel",
"Da ne sym klient na M-tel",
"Da ne sym poveche abonat na M-tel",
"Da ne sum abonat na M-tel",
"Da ne sum poveche rob na M-tel",
"Da ne sum rob na M-tel",
"Da ne sum poveche klient na M-tel",
"Da ne sum klient na M-tel",
"Da ne sum poveche abonat na M-tel",
"Da ne sum abonat na M-tel",
"Da ne sum poveche rob na M-tel",
"Da ne sum rob na M-tel",
"Da ne sum poveche klient na M-Tel",
"Da ne sum klient na M-Tel",
"Da ne sum poveche abonat na M-Tel",
"Da ne sum abonat na M-Tel",
"Da ne sum poveche rob na M-tel",
"Da ne sum rob na M-tel",
"Da ne sym poveche klient na M-Tel",
"Da ne sym klient na M-Tel",
"Da ne sym poveche abonat na M-Tel",
"Da ne sym abonat na M-Tel",
"Da ne sym poveche rob na M-tel",
"Da ne sym rob na M-tel",
"Da ne sym poveche klient na Mobiltel",
"Da ne sym klient na Mobiltel",
"Da ne sym poveche abonat na Mobiltel",
"Da ne sym abonat na Mobiltel",
"Da ne sym poveche rob na Mobiltel",
"Da ne sym rob na Mobiltel",
"Da ne sum poveche klient na Mobiltel",
"Da ne sum klient na Mobiltel",
"Da ne sum poveche abonat na Mobiltel",
"Da ne sum abonat na Mobiltel",
"Da ne sum poveche rob na Mobiltel",
"Da ne sum rob na Mobiltel",
"Da ne sym poveche klient na Blizu",
"Da ne sym klient na Blizu",
"Da ne sym poveche abonat na Blizu",
"Da ne sym abonat na Blizu",
"Da ne sym poveche rob na Blizu",
"Da ne sym rob na blizoo",
"Da ne sum poveche klient na blizoo",
"Da ne sum klient na blizoo",
"Da ne sum poveche abonat na blizoo",
"Da ne sum abonat na blizoo",
"Da ne sum poveche rob na blizoo",
"Da ne sum rob na blizoo",
"Da ne sym poveche klient na blizo",
"Da ne sym klient na blizo",
"Da ne sym poveche abonat na blizo",
"Da ne sym abonat na blizo",
"Da ne sym poveche rob na blizo",
"Da ne sym rob na blizo",
"Da ne polzvam veche uslugi na A1",
"Da ne polzvam uslugi na A1",
"Da ne polzvam A1",
"Da ne polzvam veche uslugi na Mtel",
"Da ne polzvam uslugi na Mtel",
"Da ne polzvam Mtel",
"Da ne polzvam veche uslugi na Mtel",
"Da ne polzvam uslugi na Mtel",
"Da ne polzvam Mtel",
"Da ne polzvam veche uslugi na M-tel",
"Da ne polzvam uslugi na M-tel",
"Da ne polzvam M-tel",
"Da ne polzvam veche uslugi na M-tel",
"Da ne polzvam uslugi na M-tel",
"Da ne polzvam M-tel",
"Da ne polzvam veche uslugi na Mobitel",
"Da ne polzvam uslugi na Mobiltel",
"Da ne polzvam Mobiltel",
"Da ne polzvam veche uslugi na Mobiltel",
"Da ne polzvam uslugi na Mobiltel",
"Da ne polzvam Mobiltel",
"Da ne polzvam veche uslugi na Blizu",
"Da ne polzvam uslugi na Blizu",
"Da ne polzvam Blizu",
"Da ne polzvam veche uslugi na blizoo",
"Da ne polzvam uslugi na blizoo",
"Da ne polzvam blizoo",
"Da ne polzvam veche uslugi na blizo",
"Da ne polzvam uslugi na blizo",
"Da ne polzvam blizo",
"Da sym klient na Telenor",
"Da sym abonat na Telenor",
"Da sym na Telenor",
"Da mina na Telenor",
"Da sum klient na Globul",
"Da sum abonat na Globul",
"Da sum na Globul",
"Da mina na Globul",
"Da sym klient na Globul",
"Da sym abonat na Globul",
"Da sym na Globul",
"Da mina na Globul",
"Da sym klient na Vivacom",
"Da sym abonat na Vivacom",
"Da sym na Vivacom",
"Da mina na Vivacom",
"Da sum klient na Vivacom",
"Da sum abonat na Vivacom",
"Da sum na Vivacom",
"Da mina na Vivacom",
"Da sym klient na BTC",
"Da sym abonat na BTC",
"Da sym na BTC",
"Da mina na BTC",
"Da sum klient na BTC",
"Da sum abonat na BTC",
"Da sum na BTC",
"Da mina na BTC",
"Da sym klient na BTK",
"Da sym abonat na BTK",
"Da sym na BTK",
"Da mina na BTK",
"Da sum klient na BTK",
"Da sum abonat na BTK",
"Da sum na BTK",
"Da mina na BTK",
"Da sym klient na drug",
"Da sym na drug",
"Da sym abonat na drug",
"Da sum klient na drug",
"Da sum na drug",
"Da sum abonat na drug",
"Da ima po-dobra mrezha",
"Da ne im pada vryzkata",
"Da ne pada vryzkata",
"Da ne im pada mrezhata",
"Da ne pada mrezhata",
"Da im e po-byrza mrezhata",
"Da e po-byrza mrezhata",
"Da im e po-byrz interneta",
"Da e po-byrz interneta",
"Da im e po-byrz neta",
"Da e po-byrz neta",
"Da im e po-dobyr interneta",
"Da e po-dobyr interneta",
"Da im e po-dobyr neta",
"Da e po-dobyr neta",
"Da ima po-dobra mreja",
"Da ne im pada vruzkata",
"Da ne pada vruzkata",
"Da ne im pada mrejata",
"Da ne pada mrejata",
"Da im e po-burza mrejata",
"Da e po-burza mrejata",
"Da im e po-burz interneta",
"Da e po-burz interneta",
"Da im e po-burz neta",
"Da e po-burz neta",
"Da im e po-dobur interneta",
"Da e po-dobur interneta",
"Da im e po-dobur neta",
"Da e po-dobur neta",
"Telenor",
"Теленор",
"Vivacom",
"Виваком",
"Хенди",
"Handy",
"Hendy",
"Globul",
"Глобул",
"БТК",
"BTC",
"blizoo",
"близу",
"Megalan",
"Мегалан",
"Mega lan",
"Мега лан",
"Спектърнет",
"Спектър нет",
"Spectrum Net",
"SpectrumNet",
"spnet",
"6it",
"Shit",
"fuck",
"cunt",
"gay",
"bitch",
"biatch",
"bitch",
"blowjob",
"handjob",
"puta",
"iho de puta",
"penis",
"anal",
"anus",
"arse",
"ass",
"ballsack",
"balls",
"bastard",
"bloody",
"blow job",
"bollock",
"boner",
"boob",
"bugger",
"bum",
"butt",
"buttplug",
"clitoris",
"cock",
"coon",
"crap",
"cunt",
"damn",
"dick",
"dildo",
"fag",
"fellatio",
"f u c k",
"Goddamn",
"God damn",
"hell",
"homo",
"jerk",
"jizz",
"nigger",
"nigga",
"penis",
"piss",
"poop",
"prick",
"pube",
"pussy",
"queer",
"scrotum",
"sex",
"shit",
"s hit",
"Sh1t",
"slut",
"smegma",
"spunk",
"tit",
"turd",
"twat",
"vagina",
"wank",
"whore",
"wtf",
"Analphabet",
"Anarchist",
"Ape",
"Arse",
"Arselicker",
"Ass",
"Ass master",
"Ass-kisser",
"Ass-nugget",
"Ass-wipe",
"Asshole",
"Backwoodsman",
"Balls",
"Bandit",
"Barbar",
"Bastard",
"Bitch",
"Blubber gut",
"Booby",
"Boozer",
"Bozo",
"brain-fart",
"Brainles",
"Brownie. Bugger",
"Butt",
"Buttfucker",
"Butthead",
"Callboy",
"Callgirl",
"Camel",
"Cannibal",
"Chaavanist",
"Chauvi",
"Cheater",
"Children fucker",
"Clit",
"Clown",
"Cock",
"Cock master",
"Cock up",
"Cockboy",
"Cockfucker",
"Cockroach",
"Dickhead",
"exhibitionist",
"slacker",
"fucker",
"hangover",
"fag",
"feck",
"fellate",
"fellatio",
"felching",
"fudgepacker",
"fudge packer",
"flange",
"axwound",
"bitchtits",
"brotherfucker",
"bumblefuck",
"butt plug",
"butt-pirate",
"buttfucker",
"buttfucka",
"bampot",
"camel toe",
"carpetmuncher",
"chesticle",
"chode",
"clit",
"cuntflaps",
"clitface",
"clitfuck",
"clusterfuck",
"cockburger",
"cockbite",
"cockass",
"cumguzzler",
"cumdupmster",
"cumslut",
"cooter",
"dickjuice",
"dicktickler",
"dickwad",
"dickweasel",
"dipshit",
"douchebag",
"dumbass",
"dyke",
"fagbag",
"faggot",
"faggotcock",
"fuckface",
"fucktard",
"Gaylord",
"gaytard",
"god",
"jew",
"jewish",
"Israel",
"isis",
"terror",
"terrorist",
"nuke",
"nuclear",
"bomb",
"explosion",
"guns",
"gun",
"die",
"shoot",
"suicide",
"homicide",
"humping",
"hoe",
"whore",
"jerkoff",
"kooch",
"kunt",
"muff",
"nutsack",
"paki",
"pecker",
"peckerhead",
"boner",
"pissflaps",
"pussies",
"vagaygay",
"vag",
"puto",
"queer",
"rimjob",
"tard",
"twat",
"titfuck",
"vajayjay",
"wanker",
"wank",
"Mierda",
"mierda",
"coño",
"homosexuales",
"perra",
"perra",
"mamada",
"paja",
"puta",
"la de puta",
"pene",
"anal",
"ano",
"culo",
"culo",
"bolas",
"bastardo",
"sangrienta",
"mamada",
"bollock",
"erección",
"teta",
"cabrón",
"vago",
"a tope",
"buttplug",
"el clítoris",
"pene",
"coon",
"mierda",
"coño",
"joder",
"consolador",
"marica",
"sexo oral",
"cogida",
"maldición",
"maldición",
"demonios",
"homo",
"tirón",
"esperma",
"negro",
"negro",
"pene",
"pis",
"caca",
"pinchazo",
"pubis",
"coño",
"raro",
"el escroto",
"el sexo",
"mierda",
"s golpeado",
"sh1t",
"puta",
"esmegma",
"esperma",
"tit",
"turd",
"idiota",
"la vagina",
"paja",
"puta",
"analfabeta",
"anarquista",
"Simio",
"Culo",
"Arselicker",
"culo",
"culo maestro",
"lameculos",
"culo pepita",
"limpie culo",
"gilipollas",
"Backwoodsman",
"Balones",
"bandido",
"Barbar",
"Bastardo",
"perra",
"intestino grasa de ballena",
"armas",
"Boozer",
"Bozo",
"cerebro-pedo",
"camello",
"caníbal",
"Chaavanist",
"Chauvi",
"tramposo",
"Hijos de puta",
"clítoris",
"payaso",
"Gallo",
"Gallo maestro",
"Polla",
"Cucaracha",
"Dickhead",
"exhibicionista",
"más flojo",
"hijo de puta",
"resaca",
"marica",
"feck",
"fellate",
"felación",
"Felching",
"fudgepacker",
"embalador del dulce de azúcar",
"brida",
"enchufe del extremo",
"extremo-pirata",
"chode",
"clitoris",
"clitface",
"dios",
"judio",
"judío",
"Israel",
"isis",
"terror",
"terrorista",
"arma nuclear",
"nuclear",
"bomba",
"explosión",
"armas",
"arma",
"mueren",
"lanzamiento",
"el suicidio",
"homicidio",
"follar",
"azada",
"puta",
"manguito",
"nutsack",
"paki",
"pecker",
"Peckerhead",
"erección",
"coños",
"vag",
"puto",
"maricón",
"tard",
"idiota",
"pendejo",
"paja",
"Cazzo",
"cazzo",
"fica",
"gay",
"cagna",
"biatch",
"cagna",
"pompino",
"sega",
"puta",
"IHO de puta",
"pene",
"anale",
"ano",
"Ass",
"asino",
"palle",
"bastardo",
"sanguinante",
"tetta",
"Bugger",
"bum",
"testa a testa",
"Buttplug",
"clitoride",
"cazzo",
"coon",
"merda",
"fica",
"dannazione",
"cazzo",
"dildo",
"frocio",
"fellatio",
"cazzo",
"maledizione",
"maledizione",
"l&#039;inferno",
"homo",
"coglione",
"pene",
"piscio",
"cacca",
"pungere",
"pube",
"figa",
"queer",
"scroto",
"il sesso",
"cazzo",
"s ha colpito",
"sh1t",
"slut",
"smegma",
"sperma",
"tit",
"turd",
"twat",
"vagina",
"sega",
"puttana",
"anarchico",
"Ape",
"Arse",
"Arselicker",
"Ass",
"maestro Ass",
"leccaculo",
"Ass-Nugget",
"Ass-wipe",
"Stronzo",
"uomo di frontiera",
"Bastard",
"Cagna",
"grasso intestinale",
"Sula",
"Boozer",
"Bozo",
"brain-peto",
"Gallo",
"maestro di cazzo Cazzo su",
"Scarafaggio",
"testa di cazzo",
"esibizionista",
"scansafatiche",
"stronzo",
"sbornia",
"frocio",
"feck",
"fellate",
"fellatio",
"Felching",
"fudgepacker",
"fudge packer",
"flangia",
"coglione",
"idiota",
"diga",
"finocchio",
"dio",
"ebreo",
"ebraico",
"Israele",
"Iside",
"terrore",
"terrorista",
"nucleare",
"bomba",
"esplosione",
"pistole",
"fucile",
"muoiono",
"sparare",
"suicidio",
"omicidio",
"humping",
"zappa",
"puttana",
"jerkoff",
"Kooch",
"Kunt",
"manicotto",
"paki",
"uccello",
"fighe",
"puto",
"segaiolo",
"sega",
"Срање",
"јеботе",
"пичка",
"геј",
"куја",
"биатцх",
"куја",
"Бловјоб",
"Хандјоб",
"једном",
"ИХО Пута",
"пениса",
"анални",
"анусу",
"дупе",
"дупе",
"баллсацк",
"јаја",
"копиле",
"крвав",
"пушење",
"боллоцк",
"Бонер",
"сиса",
"срање",
"скитница",
"гуза",
"буттплуг",
"клиторис",
"пенис",
"ракун",
"срање",
"пичка",
"проклетство",
"курац",
"дилдо",
"педер",
"фелацио",
"јеботе",
"Проклетство",
"проклетство",
"пакао",
"педер",
"кретен",
"јизз",
"црњо",
"црњо",
"пениса",
"писс",
"кака",
"педеру",
"пубе",
"маца",
"Куеер",
"скротум",
"секс",
"срање",
"дроља",
"Смегма",
"храброст",
"сиса",
"говно",
"пичко",
"вагине",
"дркај",
"курва",
"ВТФ",
"аналфабет",
"анархиста",
"Мајмун",
"Арсе",
"Арселицкер",
"Аси",
"Аси мајстор",
"Асс љубим",
"Асс грумен",
"будала",
"Кретену",
"сељака",
"lopte",
"Барбар",
"Копиле",
"Битцх",
"Блуббер црева",
"Бите",
"Боозер",
"Божо",
"мозак-прдеж",
"Браинлес",
"Бровние. Срање",
"Бутт Буттфуцкер",
"Бутт",
"Цаллбои",
"проститутке",
"Камила",
"Цаннибал",
"Цхааванист",
"Цхауви",
"варалицу",
"деца јебач",
"клиторис",
"Кловн",
"курац",
"курац мајстор",
"Пенис",
"бубашваба",
"Курцоглави",
"егзибициониста",
"Слацкер",
"сероњо",
"мамурлук",
"педер",
"Фецк",
"феллате",
"фелацио",
"фелцхинг",
"фудгепацкер",
"фудге пакер",
"прирубница",
"сероњо",
"кретену",
"глупане",
"лезбејка",
"фагбаг",
"педер",
"матер ти јебем",
"jevrej",
"jevrej",
"Израел",
"Исис",
"терор",
"терористи",
"нуке",
"нуклеарна",
"бомба",
"експлозија",
"пушке",
"пиштољ",
"умрети",
"пуцај",
"самоубиство",
"убиство",
"заскакао",
"мотика",
"кретен",
"кооцх",
"kunt",
"навлаке",
"за јаја",
"Паки",
"пимпек",
"пецкерхеад",
"бонер",
"писсфлапс",
"пичке",
"вагаигаи",
"ваг",
"Путо",
"педер",
"Римјоб",
"тард",
"пичко",
"титфуцк",
"вајаијаи",
"кретен",
"дркај"
